{"cameraMode":{"drawMode":0,"name":"Shaded","section":"Shading Mode"},"sceneLighting":true,"audioPlay":false,"sceneViewState":{"showFog":true,"showMaterialUpdate":false,"showSkybox":true,"showFlares":true,"showImageEffects":true,"showParticleSystems":true},"in2DMode":false,"pivot":{"x":0.14881205558776856,"y":2.760892152786255,"z":-3.4562289714813234},"rotation":{"x":-0.18462184071540833,"y":-0.46779927611351015,"z":0.10057157278060913,"w":-0.8585023880004883},"size":46.722991943359378,"orthographic":false}