{"cameraMode":{"drawMode":0,"name":"Shaded","section":"Shading Mode"},"sceneLighting":true,"audioPlay":false,"sceneViewState":{"showFog":true,"showMaterialUpdate":false,"showSkybox":true,"showFlares":true,"showImageEffects":true,"showParticleSystems":true},"in2DMode":false,"pivot":{"x":458.47930908203127,"y":270.91339111328127,"z":-26.775634765625},"rotation":{"x":-0.08272562921047211,"y":-0.003956772852689028,"z":0.0004727811610791832,"w":-0.9966827630996704},"size":767.264892578125,"orthographic":false}