{"cameraMode":{"drawMode":0,"name":"Shaded","section":"Shading Mode"},"sceneLighting":true,"audioPlay":false,"sceneViewState":{"showFog":true,"showMaterialUpdate":false,"showSkybox":true,"showFlares":true,"showImageEffects":true,"showParticleSystems":true},"in2DMode":false,"pivot":{"x":203.35763549804688,"y":95.50942993164063,"z":28.879974365234376},"rotation":{"x":-0.21171948313713075,"y":0.0049375202506780628,"z":-0.0009161097113974392,"w":-0.9774309992790222},"size":608.9718017578125,"orthographic":false}