{"cameraMode":{"drawMode":0,"name":"Shaded","section":"Shading Mode"},"sceneLighting":false,"audioPlay":false,"sceneViewState":{"showFog":true,"showMaterialUpdate":false,"showSkybox":false,"showFlares":true,"showImageEffects":true,"showParticleSystems":true},"in2DMode":false,"pivot":{"x":0.0924387276172638,"y":0.8133265376091003,"z":0.030980587005615236},"rotation":{"x":-0.08114175498485565,"y":-0.044245991855859759,"z":0.0036102505400776865,"w":-0.9957388639450073},"size":1.7177910804748536,"orthographic":false}