{"cameraMode":{"drawMode":0,"name":"Shaded","section":"Shading Mode"},"sceneLighting":false,"audioPlay":false,"sceneViewState":{"showFog":true,"showMaterialUpdate":false,"showSkybox":false,"showFlares":true,"showImageEffects":true,"showParticleSystems":true},"in2DMode":false,"pivot":{"x":0.6110620498657227,"y":-0.5424039363861084,"z":-0.13431072235107423},"rotation":{"x":-0.15265828371047975,"y":-0.02609083615243435,"z":0.004037650302052498,"w":-0.9879383444786072},"size":9.812577247619629,"orthographic":false}