{"cameraMode":{"drawMode":0,"name":"Shaded","section":"Shading Mode"},"sceneLighting":true,"audioPlay":false,"sceneViewState":{"showFog":true,"showMaterialUpdate":false,"showSkybox":true,"showFlares":true,"showImageEffects":true,"showParticleSystems":true},"in2DMode":false,"pivot":{"x":815.1390991210938,"y":359.3486633300781,"z":54.26929473876953},"rotation":{"x":-0.10060566663742066,"y":0.03186875954270363,"z":-0.0030777857173234226,"w":-0.9945237040519714},"size":176.8411407470703,"orthographic":false}