{"cameraMode":{"drawMode":0,"name":"Shaded","section":"Shading Mode"},"sceneLighting":true,"audioPlay":false,"sceneViewState":{"showFog":true,"showMaterialUpdate":false,"showSkybox":true,"showFlares":true,"showImageEffects":true,"showParticleSystems":true},"in2DMode":false,"pivot":{"x":-6.154918670654297,"y":-5.791036605834961,"z":105.87982940673828},"rotation":{"x":-0.08870376646518707,"y":-0.006953096482902765,"z":0.0006770857726223767,"w":-0.9961615204811096},"size":172.7518768310547,"orthographic":false}