{"cameraMode":{"drawMode":0,"name":"Shaded","section":"Shading Mode"},"sceneLighting":false,"audioPlay":false,"sceneViewState":{"showFog":true,"showMaterialUpdate":false,"showSkybox":false,"showFlares":true,"showImageEffects":true,"showParticleSystems":true},"in2DMode":false,"pivot":{"x":-5.635210990905762,"y":16.267887115478517,"z":6.262815475463867},"rotation":{"x":-0.17637260258197785,"y":0.016789745539426805,"z":-0.0029800294432789089,"w":-0.9842436909675598},"size":14.002617835998536,"orthographic":false}