{"cameraMode":{"drawMode":0,"name":"Shaded","section":"Shading Mode"},"sceneLighting":false,"audioPlay":false,"sceneViewState":{"showFog":true,"showMaterialUpdate":false,"showSkybox":false,"showFlares":true,"showImageEffects":true,"showParticleSystems":true},"in2DMode":false,"pivot":{"x":-0.589438259601593,"y":-0.4822491407394409,"z":6.474040985107422},"rotation":{"x":-0.06771381199359894,"y":0.03650249168276787,"z":-0.002475390210747719,"w":-0.9970517158508301},"size":9.48578929901123,"orthographic":false}