{"cameraMode":{"drawMode":0,"name":"Shaded","section":"Shading Mode"},"sceneLighting":true,"audioPlay":false,"sceneViewState":{"showFog":true,"showMaterialUpdate":false,"showSkybox":true,"showFlares":true,"showImageEffects":true,"showParticleSystems":true},"in2DMode":false,"pivot":{"x":-1.138113021850586,"y":35.456871032714847,"z":-156.79185485839845},"rotation":{"x":-0.07520154118537903,"y":-0.03387266770005226,"z":0.0026922354009002449,"w":-0.9967081546783447},"size":40.26334762573242,"orthographic":false}