{"cameraMode":{"drawMode":0,"name":"Shaded","section":"Shading Mode"},"sceneLighting":false,"audioPlay":false,"sceneViewState":{"showFog":true,"showMaterialUpdate":false,"showSkybox":false,"showFlares":true,"showImageEffects":true,"showParticleSystems":true},"in2DMode":false,"pivot":{"x":0.454206258058548,"y":-1.6946152448654175,"z":6.2718000411987309},"rotation":{"x":-0.11700642108917237,"y":-0.024732373654842378,"z":0.0029187381733208896,"w":-0.9928353428840637},"size":9.898299217224121,"orthographic":false}