{"cameraMode":{"drawMode":0,"name":"Shaded","section":"Shading Mode"},"sceneLighting":false,"audioPlay":false,"sceneViewState":{"showFog":true,"showMaterialUpdate":false,"showSkybox":false,"showFlares":true,"showImageEffects":true,"showParticleSystems":true},"in2DMode":false,"pivot":{"x":4.488119125366211,"y":-3.1682021617889406,"z":2.726205825805664},"rotation":{"x":-0.23377355933189393,"y":-0.38973283767700198,"z":0.10297740995883942,"w":-0.8848025798797607},"size":8.274582862854004,"orthographic":false}