{"cameraMode":{"drawMode":0,"name":"Shaded","section":"Shading Mode"},"sceneLighting":true,"audioPlay":false,"sceneViewState":{"showFog":true,"showMaterialUpdate":false,"showSkybox":true,"showFlares":true,"showImageEffects":true,"showParticleSystems":true},"in2DMode":false,"pivot":{"x":10.554251670837403,"y":8.111185073852539,"z":-1.3932037353515626},"rotation":{"x":-0.09766393154859543,"y":0.00949031114578247,"z":-0.0007672637002542615,"w":-0.9952842593193054},"size":74.4162826538086,"orthographic":false}