{"cameraMode":{"drawMode":0,"name":"Shaded","section":"Shading Mode"},"sceneLighting":false,"audioPlay":false,"sceneViewState":{"showFog":true,"showMaterialUpdate":false,"showSkybox":true,"showFlares":true,"showImageEffects":true,"showParticleSystems":true},"in2DMode":false,"pivot":{"x":2.630000114440918,"y":0.6499999761581421,"z":0.050000011920928958},"rotation":{"x":0.06738987565040589,"y":0.04248914495110512,"z":-0.0028718530666083099,"w":0.9968174695968628},"size":2.8578836917877199,"orthographic":false}