{"cameraMode":{"drawMode":0,"name":"Shaded","section":"Shading Mode"},"sceneLighting":true,"audioPlay":false,"sceneViewState":{"showFog":true,"showMaterialUpdate":false,"showSkybox":true,"showFlares":true,"showImageEffects":true,"showParticleSystems":true},"in2DMode":false,"pivot":{"x":0.40691161155700686,"y":6.248420715332031,"z":-7.525238037109375},"rotation":{"x":-0.04198823124170303,"y":0.012299935333430767,"z":-0.00051690120017156,"w":-0.999042272567749},"size":36.32133865356445,"orthographic":false}