{"cameraMode":{"drawMode":0,"name":"Shaded","section":"Shading Mode"},"sceneLighting":false,"audioPlay":false,"sceneViewState":{"showFog":true,"showMaterialUpdate":false,"showSkybox":true,"showFlares":true,"showImageEffects":true,"showParticleSystems":true},"in2DMode":false,"pivot":{"x":1.7996783256530762,"y":0.7460436820983887,"z":0.945711612701416},"rotation":{"x":-0.04872521758079529,"y":-0.17408137023448945,"z":0.008624764159321785,"w":-0.9834872484207153},"size":10.941466331481934,"orthographic":false}